{"cameraMode":{"drawMode":0,"name":"Shaded","section":"Shading Mode"},"sceneLighting":true,"audioPlay":false,"sceneViewState":{"showFog":true,"showMaterialUpdate":false,"showSkybox":true,"showFlares":true,"showImageEffects":true,"showParticleSystems":true,"showVisualEffectGraphs":true,"m_FxEnabled":true},"in2DMode":false,"pivot":{"x":64.03508758544922,"y":-14.258443832397461,"z":116.09454345703125},"rotation":{"x":0.020198894664645196,"y":-0.31829553842544558,"z":0.006785089150071144,"w":0.947758674621582},"size":104.85636901855469,"orthographic":false}